date,1. open,2. high,3. low,4. close,5. volume
2000-07-07,145.4375,148.7812,144.2187,148.0937,13182800.0
2000-07-14,147.875,151.25,147.1562,151.25,24828600.0
2000-07-21,150.9843,151.9843,147.6875,147.6875,27173000.0
2000-07-28,148.125,148.8593,141.5156,142.0937,36330200.0
2000-08-04,142.9375,146.7187,142.0625,146.375,24945600.0
2000-08-11,146.7187,149.2187,145.5625,147.4062,22485100.0
2000-08-18,147.7812,150.4375,147.0625,149.6875,24001500.0
2000-08-25,150.0312,151.625,149.2812,151.25,18290300.0
2000-09-01,151.25,153.5937,150.3437,152.5,21099700.0
2000-09-08,151.875,152.2031,149.3281,149.8125,15576700.0
2000-09-15,149.75,151.1875,146.0,146.0,23881000.0
2000-09-22,146.375,146.9687,142.4218,145.2812,31969200.0
2000-09-29,145.9375,146.3281,142.125,143.625,38584900.0
2000-10-06,144.2812,145.75,139.75,141.0625,35595700.0
2000-10-13,141.3125,141.3125,132.7812,137.5625,45074400.0
2000-10-20,137.4062,141.1875,130.1562,139.9062,40528800.0
2000-10-27,139.9375,141.9375,134.0312,139.2812,39287000.0
2000-11-03,138.4375,143.9062,138.1562,142.7812,41242300.0
2000-11-10,143.1562,144.2968,136.5312,136.625,34601900.0
2000-11-17,135.625,140.1093,133.0156,136.6406,47027100.0
2000-11-24,135.75,136.375,132.125,134.8437,22291300.0
2000-12-01,136.4687,136.6875,129.75,132.2187,37031000.0
2000-12-08,131.875,139.4687,131.5,133.9687,45573400.0
2000-12-15,137.375,139.5625,130.5625,130.9687,34242700.0
2000-12-22,132.0625,134.9687,125.5312,130.9375,51360700.0
2000-12-29,130.8437,134.2812,130.2812,131.1875,26652700.0
2001-01-05,132.0,136.0,127.6,129.2,50299500.0
2001-01-12,129.9,133.7,127.7,132.0,35562900.0
2001-01-19,132.0,136.1875,131.5,134.0156,32283100.0
2001-01-26,134.3,137.3,133.6,135.9,33115400.0
2001-02-02,135.5,138.7,134.8,134.8,39997400.0
2001-02-09,134.8,136.7,131.3,131.8,33064600.0
2001-02-16,131.7,134.2,129.3,130.4,33156800.0
2001-02-23,131.0,131.1,121.8,125.0,58125400.0
2001-03-02,125.8,127.8,121.8,123.6,64981000.0
2001-03-09,124.2,127.8,123.1,123.4,28103300.0
2001-03-16,122.3,122.5,114.8,115.0,95968600.0
2001-03-23,115.8,118.5,108.0,114.5,86323000.0
2001-03-30,115.7,118.7,109.3,116.7,55336500.0
2001-04-06,116.3,117.4,109.3,113.3,74750700.0
2001-04-12,114.0,119.0,112.8,118.9,48882300.0
2001-04-20,118.3,126.0,116.9,124.5,72208800.0
2001-04-27,123.7,125.8,121.0,125.8,45387200.0
2001-05-04,126.5,127.7,123.4,127.3,52989600.0
2001-05-11,126.9,127.5,124.4,125.2,38257300.0
2001-05-18,124.9,130.1,124.5,129.7,51124900.0
2001-05-25,129.8,132.1,127.9,128.1,47537600.0
2001-06-01,128.2,128.4,125.0,126.7,37777600.0
2001-06-08,126.8,129.2,126.1,127.0,42347700.0
2001-06-15,126.7,127.0,120.4,121.9,53435600.0
2001-06-22,121.7,124.3,120.9,122.9,52367200.0
2001-06-29,123.3,124.0,120.6,122.6,46614000.0
2001-07-06,122.8,124.3,119.1,119.1,29012600.0
2001-07-13,119.5,122.3,117.1,122.2,54785000.0
2001-07-20,121.8,123.0,119.8,121.3,38884700.0
2001-07-27,121.8,121.9,116.8,120.8,53841000.0
2001-08-03,121.2,123.3,120.3,121.9,54296200.0
2001-08-10,121.4,121.5,117.3,119.3,57891100.0
2001-08-17,119.6,120.4,116.0,116.8,51474500.0
2001-08-24,116.8,119.1,115.8,119.0,57091000.0
2001-08-31,119.0,119.2,112.0,114.2,69335500.0
2001-09-07,113.9,116.2,108.6,108.7,100743000.0
2001-09-10,107.7,110.4,107.7,110.1,23409000.0
2001-09-21,101.0,106.4,93.8,97.28,183191400.0
2001-09-28,101.2,109.9,99.06,104.4,111928300.0
2001-10-05,103.9,109.0,102.8,107.2,134717300.0
2001-10-12,107.3,110.3,105.5,109.5,103315000.0
2001-10-19,108.6,111.2,106.0,107.4,99800000.0
2001-10-26,107.3,111.8,106.7,110.3,101828800.0
2001-11-02,110.2,110.6,105.6,109.3,120459000.0
2001-11-09,110.1,114.1,109.9,112.7,97713500.0
2001-11-16,111.0,115.4,110.0,114.4,96647600.0
2001-11-23,114.9,115.9,113.5,115.7,48094600.0
2001-11-30,115.8,116.9,113.0,114.1,84191600.0
2001-12-07,114.1,118.0,113.0,116.6,94551100.0
2001-12-14,115.9,116.4,112.0,113.1,86629700.0
2001-12-21,113.0,115.9,112.9,115.0,76669300.0
2001-12-28,114.8,116.8,114.6,116.0,36037800.0
2002-01-04,116.2,118.0,113.8,117.6,69156200.0
2002-01-11,117.7,118.0,114.7,114.9,68942500.0
2002-01-18,114.7,115.4,112.67,113.15,84338800.0
2002-01-25,113.8,114.3,112.0,113.6,49103900.0
2002-02-01,113.9,114.2,108.4,112.7,108722800.0
2002-02-08,112.2,112.2,108.0,110.1,130260200.0
2002-02-15,110.1,113.0,109.8,110.9,88379600.0
2002-02-22,110.15,110.6,107.8,109.6,98100900.0
2002-03-01,109.7,113.9,109.7,113.7,118362500.0
2002-03-08,113.9,117.9,113.7,117.0,109353700.0
2002-03-15,116.9,117.9,115.6,116.7,82345400.0
2002-03-22,117.1,117.7,114.1,115.0,94724000.0
2002-03-28,115.1,115.8,113.3,114.5,74015100.0
2002-04-05,115.1,115.1,112.2,112.7,101939500.0
2002-04-12,111.3,113.5,110.0,111.4,89226700.0
2002-04-19,111.6,113.7,110.2,112.9,81552900.0
2002-04-26,112.4,112.4,107.3,107.4,95001200.0
2002-05-03,107.9,109.9,106.6,107.6,95782900.0
2002-05-10,107.6,109.4,104.9,105.72,110090800.0
2002-05-17,106.2,111.3,105.8,110.9,134203800.0
2002-05-24,110.6,110.7,108.0,108.7,72210900.0
2002-05-31,109.1,109.1,105.9,107.2,77022100.0
2002-06-07,107.1,107.6,101.7,103.3,117542100.0
2002-06-14,103.2,104.5,98.5,101.4,129282700.0
2002-06-21,101.9,105.0,98.69,99.28,117421100.0
2002-06-28,98.61,100.9,95.2,98.96,167676200.0
2002-07-05,99.19,99.8,93.73,99.31,103904300.0
2002-07-12,98.98,99.7,90.32,91.85,192677800.0
2002-07-19,91.64,93.3,84.3,84.71,281905200.0
2002-07-26,84.11,85.93,77.68,85.6,377978900.0
2002-08-02,87.51,91.55,85.62,86.79,261777800.0
2002-08-09,86.5,91.94,80.54,91.29,240895900.0
2002-08-16,90.0,94.08,88.02,93.22,214571600.0
2002-08-23,93.46,97.15,93.1,94.6,175557900.0
2002-08-30,94.91,96.25,90.81,91.78,180977000.0
2002-09-06,90.74,91.0,87.5,90.0,225238900.0
2002-09-13,89.1,93.33,88.25,89.67,187188900.0
2002-09-20,89.32,91.19,84.05,84.35,222273800.0
2002-09-27,83.65,85.97,81.85,82.75,289729700.0
2002-10-04,82.0,85.77,79.58,80.8,321320500.0
2002-10-11,80.07,84.73,77.07,84.16,370719100.0
2002-10-18,83.2,89.23,83.04,88.64,293542800.0
2002-10-25,88.12,90.9,87.57,90.2,239951800.0
2002-11-01,91.15,91.29,87.0,90.27,232845100.0
2002-11-08,91.8,93.07,89.52,89.65,239563100.0
2002-11-15,89.52,91.55,87.45,91.4,205418000.0
2002-11-22,92.15,94.27,89.76,93.42,185519200.0
2002-11-29,93.43,94.95,91.62,93.98,133500600.0
2002-12-06,95.47,96.05,89.98,92.03,232937000.0
2002-12-13,91.07,91.62,89.27,89.34,176877500.0
2002-12-20,89.82,91.79,88.6,89.99,174733000.0
2002-12-27,89.59,90.61,87.38,87.38,72805100.0
2003-01-03,87.8,91.39,87.11,91.35,140214000.0
2003-01-10,91.24,93.64,91.05,93.06,190537500.0
2003-01-17,93.54,93.86,90.15,90.66,174286300.0
2003-01-24,90.87,90.92,86.17,86.38,202288400.0
2003-01-31,85.73,87.18,84.15,86.06,262982500.0
2003-02-07,86.14,86.82,82.97,83.42,234269100.0
2003-02-14,83.47,84.37,81.0,84.15,244451500.0
2003-02-21,84.53,85.8,83.46,85.18,160961200.0
2003-02-28,84.93,85.23,82.22,84.9,218427700.0
2003-03-07,85.26,85.78,81.43,83.32,220966600.0
2003-03-14,82.6,84.77,79.38,84.13,286975100.0
2003-03-21,83.46,89.88,83.22,89.67,327820800.0
2003-03-28,88.02,88.26,85.99,86.71,258262500.0
2003-04-04,85.35,88.99,84.4,88.22,250208000.0
2003-04-11,90.34,90.85,85.71,87.15,255175500.0
2003-04-17,87.47,90.066,87.0,89.56,176265300.0
2003-04-25,89.86,92.35,88.89,90.23,230175000.0
2003-05-02,90.44,93.47,90.3,93.21,248397600.0
2003-05-09,93.38,94.38,92.28,93.73,195915100.0
2003-05-16,93.5,95.45,93.28,94.87,190078800.0
2003-05-23,94.15,94.8905,91.597,93.57,213182000.0
2003-05-30,93.3,97.09,93.18,96.95,185015300.0
2003-06-06,97.53,101.4,96.67,99.26,246543800.0
2003-06-13,98.769,100.9,97.77,99.56,191294400.0
2003-06-20,99.96,102.179,99.42,99.44,193924300.0
2003-06-27,99.45,99.66,96.96,97.66,206215000.0
2003-07-03,98.22,99.85,96.43,98.74,150831800.0
2003-07-11,99.653,101.4,98.63,100.24,191153600.0
2003-07-18,101.2,101.9,98.16,99.51,230641600.0
2003-07-25,99.45,100.34,97.85,100.23,206961100.0
2003-08-01,100.37,100.98,98.24,98.51,224867500.0
2003-08-08,98.31,99.0,96.34,98.28,239388800.0
2003-08-15,98.26,99.849,97.84,99.62,162990400.0
2003-08-22,99.93,101.818,99.73,99.77,182218800.0
2003-08-29,99.71,101.48,98.83,101.44,143717300.0
2003-09-05,101.64,103.7,101.05,102.83,155852900.0
2003-09-12,103.04,103.88,101.35,102.45,194948800.0
2003-09-19,102.52,104.7,101.95,103.67,156032400.0
2003-09-26,102.85,103.29,99.846,99.95,207043500.0
2003-10-03,100.3,104.28,99.25,103.39,266838600.0
2003-10-10,103.482,105.22,102.91,104.57,156615000.0
2003-10-17,104.715,105.89,103.98,104.26,167826200.0
2003-10-24,104.447,105.28,102.18,103.58,186860300.0
2003-10-31,103.74,105.97,103.27,105.3,163436600.0
2003-11-07,105.75,106.72,104.9,105.61,162853900.0
2003-11-14,105.74,106.95,104.8,105.46,159300100.0
2003-11-21,104.91,105.45,103.62,104.21,199122700.0
2003-11-28,104.69,106.66,104.68,106.45,110144900.0
2003-12-05,106.85,108.08,106.62,106.85,178135900.0
2003-12-12,106.74,108.2,105.96,108.14,192676900.0
2003-12-19,109.17,109.73,107.48,108.9,166059000.0
2003-12-26,108.79,110.08,108.78,109.7,68760000.0
2004-01-02,110.1,112.19,109.7843,111.23,111723300.0
2004-01-09,111.69,113.5,111.59,112.39,169804600.0
2004-01-16,112.55,114.31,111.76,114.23,188368800.0
2004-01-23,114.53,115.38,113.72,114.43,140509400.0
2004-01-30,114.39,116.5,112.56,113.48,209850800.0
2004-02-06,113.7,114.7,112.78,114.45,176879200.0
2004-02-13,114.67,116.39,114.17,115.13,168346800.0
2004-02-20,115.85,116.6,114.32,114.88,150564700.0
2004-02-27,115.22,115.74,113.03,115.02,180522400.0
2004-03-05,115.43,116.97,114.92,116.38,180158100.0
2004-03-12,116.34,116.62,111.1,112.58,290324600.0
2004-03-19,112.27,113.27,110.84,111.06,268099500.0
2004-03-26,110.54,111.79,108.85,111.03,255886400.0
2004-04-02,111.63,114.84,111.58,114.64,227919200.0
2004-04-08,114.46,115.41,113.74,114.37,151609000.0
2004-04-16,114.58,115.3,112.36,113.83,250372400.0
2004-04-23,113.55,114.67,111.78,114.36,223504300.0
2004-04-30,114.5,115.12,110.9,110.96,247635700.0
2004-05-07,111.37,113.26,109.96,109.96,235363500.0
2004-05-14,109.44,110.81,108.06,110.04,326255400.0
2004-05-21,108.89,111.18,108.41,109.81,225927600.0
2004-05-28,110.53,113.03,109.6,112.86,197369500.0
2004-06-04,112.46,113.58,111.87,112.98,152340400.0
2004-06-10,113.43,114.92,113.42,114.35,123065300.0
2004-06-18,113.82,114.445,112.87,113.63,159005900.0
2004-06-25,113.75,114.94,112.67,113.84,170137600.0
2004-07-02,114.52,114.79,112.58,112.88,214730300.0
2004-07-09,112.37,112.57,111.2,111.73,141465800.0
2004-07-16,111.52,112.39,110.44,110.71,196060600.0
2004-07-23,110.75,112.06,108.69,108.96,265440500.0
2004-07-30,109.19,110.9,108.21,110.84,261028100.0
2004-08-06,110.19,113.61,106.62,106.85,246231200.0
2004-08-13,107.02,108.41,106.59,107.19,238298200.0
2004-08-20,107.14,110.63,107.1,110.48,214645500.0
2004-08-27,110.55,111.63,109.85,111.45,154324100.0
2004-09-03,111.23,112.82,110.1,112.12,197069600.0
2004-09-10,112.54,113.27,112.03,113.06,132615300.0
2004-09-17,113.31,113.74,112.68,113.15,168685000.0
2004-09-24,112.67,113.47,110.95,111.46,206417700.0
2004-10-01,111.1,113.65,110.41,113.65,221688700.0
2004-10-08,114.1,114.68,112.35,112.51,204343400.0
2004-10-15,112.78,113.07,110.57,111.26,244584500.0
2004-10-22,110.89,112.23,109.75,109.99,259046000.0
2004-10-29,109.75,113.64,109.35,113.2,275729800.0
2004-11-05,113.56,117.64,113.2,117.28,288855200.0
2004-11-12,116.98,119.0,116.72,118.79,218213700.0
2004-11-19,118.5,119.14,117.14,117.42,216572700.0
2004-11-26,117.17,118.98,117.03,118.35,124772800.0
2004-12-03,118.79,120.14,117.48,119.25,275429800.0
2004-12-10,119.21,119.64,117.73,119.33,237870300.0
2004-12-17,119.76,121.24,119.16,119.44,250048900.0
2004-12-23,119.73,121.28,119.17,120.77,137560600.0
2004-12-31,121.2,121.66,120.39,120.87,126923400.0
2005-01-07,121.56,121.76,118.0,118.44,295299100.0
2005-01-14,118.34,119.46,117.5,118.24,292286000.0
2005-01-21,118.05,119.62,116.65,116.78,247743000.0
2005-01-28,117.09,117.75,116.37,117.43,301830700.0
2005-02-04,117.97,120.43,117.71,120.23,257939800.0
2005-02-11,120.22,121.04,119.25,120.77,240361700.0
2005-02-18,120.69,121.46,119.9,120.39,236458500.0
2005-02-25,119.9,121.67,118.58,121.43,279654200.0
2005-03-04,121.15,122.83,120.04,122.73,299511600.0
2005-03-11,122.66,123.25,120.16,120.39,285520700.0
2005-03-18,120.61,121.46,118.15,118.54,300180500.0
2005-03-24,118.71,118.93,116.75,117.14,278732800.0
2005-04-01,117.42,118.99,116.25,117.43,345333100.0
2005-04-08,117.36,119.26,116.74,118.0,286524400.0
2005-04-15,118.29,119.06,114.1,114.15,432198100.0
2005-04-22,114.12,116.5,113.55,115.57,449185800.0
2005-04-29,115.86,116.77,113.97,115.75,391471900.0
2005-05-06,116.07,118.0,115.52,117.09,392390500.0
2005-05-13,117.21,118.08,114.8,115.72,392069500.0
2005-05-20,115.7,119.41,115.66,119.12,298097400.0
2005-05-27,119.21,120.25,118.83,120.25,218978000.0
2005-06-03,120.08,120.92,119.4,120.15,216355000.0
2005-06-10,120.02,121.25,119.44,120.2,246719300.0
2005-06-17,119.94,121.9,119.81,121.36,237825200.0
2005-06-24,121.08,121.94,118.84,118.98,250990700.0
2005-07-01,118.97,120.4,118.75,119.53,248931300.0
2005-07-08,119.25,121.32,118.26,121.32,273441400.0
2005-07-15,121.33,123.44,121.31,122.84,264154100.0
2005-07-22,122.5,123.73,122.05,123.54,342708400.0
2005-07-29,123.41,124.64,122.37,123.74,256612100.0
2005-08-05,123.83,124.74,122.67,122.88,231141600.0
2005-08-12,123.17,124.5,122.38,123.06,282587300.0
2005-08-19,123.22,123.87,121.84,122.47,264517800.0
2005-08-26,122.58,123.23,120.68,120.76,303462600.0
2005-09-02,120.41,123.15,120.38,122.27,355791000.0
2005-09-09,122.66,124.74,122.65,124.6,182218400.0
2005-09-16,124.45,124.67,122.87,123.5,295798300.0
2005-09-23,123.47,123.61,120.44,121.44,376872600.0
2005-09-30,122.02,123.04,121.02,123.04,309766700.0
2005-10-07,122.96,123.34,118.17,119.61,434735900.0
2005-10-14,119.68,119.71,116.88,118.67,416587100.0
2005-10-21,118.77,119.81,117.12,118.13,489268700.0
2005-10-28,118.44,120.54,117.93,119.8,373390700.0
2005-11-04,120.29,122.66,120.13,122.11,365897600.0
2005-11-11,122.4,123.86,121.75,123.76,260615100.0
2005-11-18,123.76,125.756,122.86,125.13,293981700.0
2005-11-25,125.15,127.41,124.98,127.13,182591300.0
2005-12-02,127.25,127.27,125.29,126.85,274656300.0
2005-12-09,126.64,127.74,125.48,126.33,297498500.0
2005-12-16,126.71,128.57,125.96,126.36,303577200.0
2005-12-23,126.73,126.87,125.48,126.76,207460900.0
2005-12-30,126.92,127.05,124.36,124.51,152953000.0
2006-01-06,125.1,128.58,124.39,128.44,235852400.0
2006-01-13,128.42,129.44,128.2,128.68,223500500.0
2006-01-20,128.2,128.9,125.97,125.97,321076300.0
2006-01-27,126.21,128.66,125.84,128.54,344997300.0
2006-02-03,128.44,128.81,126.14,126.27,339568500.0
2006-02-10,126.44,128.1,125.4,126.64,299934300.0
2006-02-17,126.57,129.21,123.64,128.81,325188000.0
2006-02-24,129.12,129.65,128.28,129.41,162374800.0
2006-03-03,129.4,130.07,128.13,128.76,292031500.0
2006-03-10,129.07,129.18,127.18,128.59,298905000.0
2006-03-17,128.77,131.47,128.53,130.62,281282000.0
2006-03-24,130.64,130.99,129.45,130.21,271668000.0
2006-03-31,129.91,130.98,128.29,129.83,304889100.0
2006-04-07,130.12,131.4,129.35,129.54,304727500.0
2006-04-13,129.71,130.08,128.25,128.71,208457900.0
2006-04-21,128.81,131.86,128.02,131.15,399076600.0
2006-04-28,130.93,131.75,129.59,131.47,384619600.0
2006-05-05,131.46,132.8,130.32,132.52,278353500.0
2006-05-12,132.52,132.77,129.18,129.24,292631400.0
2006-05-19,128.78,130.0,125.8,127.1,504191300.0
2006-05-26,126.33,128.38,124.74,128.38,514387400.0
2006-06-02,127.97,129.43,126.01,129.0,325271900.0
2006-06-09,128.82,128.86,123.87,125.99,611958800.0
2006-06-16,125.88,126.36,122.34,124.65,675757100.0
2006-06-23,125.4,125.7,123.55,124.44,365763700.0
2006-06-30,124.65,127.66,123.65,127.23,335418700.0
2006-07-07,127.43,128.01,126.29,126.61,226903400.0
2006-07-14,126.94,127.43,122.83,123.52,346343200.0
2006-07-21,123.51,126.3,122.39,123.95,553865200.0
2006-07-28,124.44,128.14,124.44,127.98,442332900.0
2006-08-04,127.68,129.43,126.55,128.2,339632100.0
2006-08-11,127.9,128.6,126.28,127.01,332062300.0
2006-08-18,127.63,130.69,126.92,130.69,327274700.0
2006-08-25,130.13,130.52,129.19,129.81,269325100.0
2006-09-01,129.65,131.58,129.64,131.42,252217300.0
2006-09-08,131.26,131.85,129.35,130.28,238424900.0
2006-09-15,129.8,132.45,129.48,131.96,335995600.0
2006-09-22,131.69,132.77,131.0,131.47,389626900.0
2006-09-29,131.73,133.99,131.05,133.58,355395100.0
2006-10-06,133.54,135.41,132.34,135.01,334555100.0
2006-10-13,134.85,136.71,134.3,136.63,318692100.0
2006-10-20,136.52,137.37,135.67,136.84,332983900.0
2006-10-27,136.46,139.0,136.39,137.91,352876600.0
2006-11-03,137.66,138.31,135.62,136.54,339992300.0
2006-11-10,136.96,139.14,136.86,138.24,362316300.0
2006-11-17,138.18,140.68,138.07,140.42,366138700.0
2006-11-24,140.3,141.16,139.941,140.35,197591000.0
2006-12-01,140.28,141.05,138.11,140.22,503001300.0
2006-12-08,140.25,142.3,140.23,141.42,362697800.0
2006-12-15,141.37,143.24,140.89,142.34,311680500.0
2006-12-22,142.53,142.88,140.67,140.75,266442200.0
2006-12-29,140.82,142.7,140.78,141.69,157444500.0
2007-01-05,142.3,142.86,140.38,140.54,241686700.0
2007-01-12,140.82,143.24,140.25,143.24,333959400.0
2007-01-19,143.07,143.46,142.31,142.82,224706700.0
2007-01-26,143.07,143.98,141.58,142.16,323685900.0
2007-02-02,142.21,144.95,141.74,144.81,347996000.0
2007-02-09,144.7,145.36,143.39,143.94,310662300.0
2007-02-16,143.93,145.95,143.19,145.73,274648793.0
2007-02-23,145.57,146.42,144.06,145.3,272541530.0
2007-03-02,145.88,145.95,138.05,138.67,904448458.0
2007-03-09,137.9,141.42,137.33,140.78,631962667.0
2007-03-16,140.42,141.34,136.75,138.53,760213820.0
2007-03-23,139.38,143.81,138.5466,143.39,527175823.0
2007-03-30,143.49,143.65,140.56,142.0,636869634.0
2007-04-05,142.18,144.44,140.89,144.24,273241051.0
2007-04-13,144.6,145.32,143.34,145.32,416699825.0
2007-04-20,145.87,148.62,145.82,148.62,509517425.0
2007-04-27,148.5,149.8,147.32,149.53,499609377.0
2007-05-04,149.64,151.12,147.67,150.92,507868691.0
2007-05-11,150.84,152.82,149.27,150.86,402726938.0
2007-05-18,150.86,152.62,149.79,152.62,100059000.0
2007-05-25,152.58,153.5,150.74,151.69,661992700.0
2007-06-01,151.94,154.4,151.34,154.08,438838800.0
2007-06-08,153.54,154.39,149.06,151.04,779609600.0
2007-06-15,150.93,153.66,149.55,153.07,832603635.0
2007-06-22,153.37,153.58,149.85,150.55,787442054.0
2007-06-29,150.25,151.65,148.06,150.43,996971404.0
2007-07-06,150.87,153.17,150.77,152.98,327771517.0
2007-07-13,153.16,155.46,150.52,154.85,673922281.0
2007-07-20,154.99,156.0,152.29,153.5,852987319.0
2007-07-27,153.5,154.72,145.05,145.11,1533657352.0
2007-08-03,145.93,149.46,143.2,143.8,1720767138.0
2007-08-10,144.21,150.59,142.53,144.71,1649001133.0
2007-08-17,146.5,148.35,137.0,144.71,1704429051.0
2007-08-24,145.17,148.33,143.29,148.33,849748768.0
2007-08-31,148.33,148.5,143.46,147.59,917471178.0
2007-09-07,147.45,149.98,145.26,146.07,649634435.0
2007-09-14,146.07,149.45,144.33,148.9,779702768.0
2007-09-21,148.31,154.39,147.63,151.97,883639307.0
2007-09-28,152.435,153.19,150.47,152.58,653253096.0
2007-10-05,152.66,156.1,152.5,155.85,591480589.0
2007-10-12,155.39,157.52,154.54,156.33,625056193.0
2007-10-19,156.27,156.48,149.66,149.67,989819503.0
2007-10-26,148.85,153.62,148.0,153.62,1182417859.0
2007-11-02,153.93,155.27,149.21,151.2,1124923998.0
2007-11-09,149.63,152.11,144.89,145.14,1363243613.0
2007-11-16,145.18,149.4,143.7,145.79,1236484493.0
2007-11-23,145.26,145.53,141.67,144.13,1019290219.0
2007-11-30,144.37,149.87,140.66,148.66,1189190099.0
2007-12-07,148.2,151.5,146.31,150.91,757048277.0
2007-12-14,151.28,152.89,147.1,147.17,1093271446.0
2007-12-21,146.61,148.42,143.96,148.13,982511994.0
2007-12-28,148.75,149.68,146.9,147.3,352025869.0
2008-01-04,147.1,147.6062,140.91,141.31,670510230.0
2008-01-11,141.81,142.9,137.7,140.15,1465936787.0
2008-01-18,141.15,141.86,131.1,132.06,1536474552.0
2008-01-25,126.4,136.76,126.0,133.04,1476906966.0
2008-02-01,133.26,139.61,132.06,139.58,1272366898.0
2008-02-08,139.21,139.3,131.73,133.07,1181515119.0
2008-02-15,133.11,137.1,132.04,135.14,996515742.0
2008-02-22,136.69,137.6,132.86,135.62,772441562.0
2008-02-29,135.54,139.14,132.78,133.82,994469585.0
2008-03-07,133.14,134.77,128.58,129.71,1319889165.0
2008-03-14,129.81,133.77,127.59,129.61,1642717233.0
2008-03-20,126.35,134.65,126.07,132.08,1330678496.0
2008-03-28,133.31,135.81,131.06,131.51,1004864751.0
2008-04-04,131.29,137.96,131.09,136.89,1012268672.0
2008-04-11,137.87,138.57,133.01,133.38,914133379.0
2008-04-18,133.19,139.56,132.33,138.48,920345824.0
2008-04-25,138.23,139.89,136.64,139.6,894231937.0
2008-05-02,139.89,142.37,138.26,141.51,808391381.0
2008-05-09,141.06,142.2,138.45,138.9,823199458.0
2008-05-16,139.23,142.87,138.73,142.66,863097648.0
2008-05-23,142.76,144.3,137.52,137.64,949237396.0
2008-05-30,137.87,140.93,137.53,140.35,640899995.0
2008-06-06,139.84,140.89,136.22,136.29,1321989425.0
2008-06-13,136.92,137.5,133.52,136.15,1270081875.0
2008-06-20,135.5,137.12,131.22,131.58,1238133351.0
2008-06-27,132.03,133.4,127.035,127.53,1321468402.0
2008-07-03,127.93,129.16,124.99,126.31,1178092949.0
2008-07-11,126.79,127.74,122.49,123.84,2003042583.0
2008-07-18,123.97,126.4159,120.02,125.98,1839386657.0
2008-07-25,126.51,129.15,124.85,125.48,1299230929.0
2008-08-01,125.51,128.6,123.42,126.16,1347524109.0
2008-08-08,126.04,129.93,124.76,129.42,1156481856.0
2008-08-15,129.47,131.51,127.67,130.21,1139068381.0
2008-08-22,130.43,130.48,126.34,129.51,940158823.0
2008-08-29,128.8,130.34,126.58,128.69,858298462.0
2008-09-05,130.03,130.71,122.0,124.48,1132977986.0
2008-09-12,128.04,128.24,121.6,126.2,1712352640.0
2008-09-19,121.63,128.0,113.8,124.4883,2929242666.0
2008-09-26,124.4505,124.75,117.79,120.96,1498487544.0
2008-10-03,119.18,121.18,109.68,110.21,1933182145.0
2008-10-10,107.15,107.62,83.58,88.82,3277249827.0
2008-10-17,93.87,105.53,86.54,93.29,2670561019.0
2008-10-24,95.35,99.1,84.0,87.02,2372997382.0
2008-10-31,85.97,98.57,83.7,96.83,2393390986.0
2008-11-07,96.83,100.86,90.06,93.85,1798065704.0
2008-11-14,95.21,95.53,82.09,86.52,2463292618.0
2008-11-21,86.38,88.56,74.34,79.52,3028640002.0
2008-11-28,81.92,90.13,80.3614,90.09,1464101011.0
2008-12-05,87.51,88.42,81.86,87.93,2274297390.0
2008-12-12,90.34,92.38,85.2,88.99,1958992018.0
2008-12-19,89.02,92.43,86.29,88.19,1591710568.0
2008-12-26,88.58,88.67,85.49,87.16,602367135.0
2009-01-02,87.24,93.44,85.6,92.96,717837412.0
2009-01-09,92.63,94.5533,85.36,89.09,1443648983.0
2009-01-16,88.84,88.91,81.72,85.06,2001505444.0
2009-01-23,84.24,85.059,80.05,83.11,1598251304.0
2009-01-30,83.59,87.95,82.21,82.83,1607495069.0
2009-02-06,81.58,87.34,77.73,86.979,1672477927.0
2009-02-13,86.96,87.74,81.05,82.76,1862433536.0
2009-02-20,80.15,82.958,75.77,77.42,1633837179.0
2009-02-27,78.24,79.6667,73.81,73.93,2100616309.0
2009-03-06,72.49,73.9169,67.1,68.92,2307164954.0
2009-03-13,67.95,76.98,67.73,76.09,1888696580.0
2009-03-20,76.95,81.0,75.45,76.71,1989934734.0
2009-03-27,78.74,83.3,78.31,81.61,1935652067.0
2009-04-03,79.8,84.61,77.96,84.26,1824843376.0
2009-04-09,83.34,85.82,81.51,85.81,1023361368.0
2009-04-17,84.92,87.65,83.61,87.08,1345008519.0
2009-04-24,85.54,87.31,82.75,86.66,1546534889.0
2009-05-01,85.68,89.02,84.76,87.89,1385123323.0
2009-05-08,88.55,93.22,88.38,92.98,1437519975.0
2009-05-15,91.7,92.11,88.15,88.71,1330610220.0
2009-05-22,89.55,92.8,88.26,89.02,1157872422.0
2009-05-29,88.36,93.7,88.32,92.53,1029490201.0
2009-06-05,93.67,95.67,87.53,94.55,1236018242.0
2009-06-12,93.84,96.11,93.04,95.08,1218695021.0
2009-06-19,93.96,94.02,90.83,92.04,1099184059.0
2009-06-26,91.14,92.24,88.85,91.84,1093739711.0
2009-07-02,92.11,93.23,89.76,89.81,781715841.0
2009-07-10,88.94,89.93,87.0,87.96,954097377.0
2009-07-17,88.31,94.51,87.59,94.13,987853106.0
2009-07-24,94.68,98.14,94.19,98.06,989641620.0
2009-07-31,97.88,99.83,96.98,98.81,972369232.0
2009-08-07,99.85,102.03,99.31,101.2,950605534.0
2009-08-14,100.74,101.61,99.46,100.79,882689371.0
2009-08-21,98.85,103.13,98.11,102.97,1001826003.0
2009-08-28,103.39,104.35,101.94,103.38,943077889.0
2009-09-04,102.37,103.24,99.57,102.06,954620442.0
2009-09-11,103.0,105.3,102.39,104.77,602311691.0
2009-09-18,103.88,108.06,103.15,106.72,935112297.0
2009-09-25,105.89,108.03,104.09,104.45,952833900.0
2009-10-02,104.85,107.02,101.99,102.49,1012223371.0
2009-10-09,102.9,107.26,102.6,107.26,829302722.0
2009-10-16,107.76,109.71,106.76,108.89,832471186.0
2009-10-23,109.07,110.31,107.5,108.08,1043594198.0
2009-10-30,108.2,109.31,103.44,103.56,1266281428.0
2009-11-06,104.13,107.4,103.08,107.13,1080601886.0
2009-11-13,107.95,110.82,107.87,109.62,808279922.0
2009-11-20,110.38,111.69,109.01,109.43,856868836.0
2009-11-27,110.72,111.74,108.29,109.57,521764055.0
2009-12-04,109.48,112.38,108.12,111.01,893952278.0
2009-12-11,110.91,111.53,109.02,111.11,715199533.0
2009-12-18,111.87,112.13,109.28,110.21,737993216.0
2009-12-24,110.76,112.6,110.76,112.48,361029971.0
2009-12-31,112.9,113.03,111.39,111.44,331004184.0
2010-01-08,112.37,114.62,111.51,114.57,603253654.0
2010-01-15,115.08,115.14,113.2,113.64,762033350.0
2010-01-22,113.62,115.13,109.09,109.21,1045376845.0
2010-01-29,110.21,110.47,107.22,107.39,1295069169.0
2010-02-05,108.15,110.59,104.58,106.66,1425808380.0
2010-02-12,106.74,108.25,105.81,108.04,1329663243.0
2010-02-19,108.86,111.57,107.82,111.14,736008554.0
2010-02-26,111.55,111.58,108.94,110.74,947691030.0
2010-03-05,111.2,114.34,111.17,114.25,770554483.0
2010-03-12,114.26,115.97,113.87,115.46,777064750.0
2010-03-19,115.26,117.48,114.6,115.97,718986521.0
2010-03-26,115.31,118.17,115.24,116.58,991594302.0
2010-04-01,117.17,118.25,116.61,117.8,602129164.0
2010-04-09,118.25,119.6,117.6,119.55,691446547.0
2010-04-16,119.7,121.57,118.75,119.36,904605213.0
2010-04-23,119.01,121.86,118.47,121.81,984236028.0
2010-04-30,121.85,122.12,118.25,118.81,1262906387.0
2010-05-07,119.38,120.68,105.0,111.26,2144419454.0
2010-05-14,115.81,117.68,112.87,113.89,1525381320.0
2010-05-21,114.2,115.22,105.36,109.11,2109960359.0
2010-05-28,108.52,110.8,104.38,109.37,1611772409.0
2010-06-04,108.35,111.06,106.46,106.82,1139437931.0
2010-06-11,107.2,109.75,104.65,109.68,1421343691.0
2010-06-18,110.52,112.42,109.4,111.73,1097609681.0
2010-06-25,113.12,113.2,106.77,107.87,1212413367.0
2010-07-02,108.03,108.32,101.13,102.2,1441488598.0
2010-07-09,103.64,107.97,101.88,107.96,864820534.0
2010-07-16,107.6,110.09,106.45,106.66,1042124369.0
2010-07-23,107.05,110.57,105.82,110.41,1205040642.0
2010-07-30,110.6,112.29,108.98,110.27,989544486.0
2010-08-06,111.99,113.11,110.92,112.39,872500864.0
2010-08-13,112.92,113.18,107.6,108.31,1034108622.0
2010-08-20,107.57,110.39,106.75,107.53,977531209.0
2010-08-27,108.04,108.57,104.29,106.86,1212328200.0
2010-09-03,106.58,110.99,104.49,110.89,1076098058.0
2010-09-10,110.37,111.68,109.55,111.48,565923896.0
2010-09-17,112.58,113.29,111.98,112.49,951147208.0
2010-09-24,112.88,114.9,112.18,114.82,1085776769.0
2010-10-01,114.86,115.79,113.18,114.61,978736786.0
2010-10-08,114.37,116.86,113.18,116.54,886155166.0
2010-10-15,116.72,118.55,115.65,117.7,939408787.0
2010-10-22,117.74,119.09,116.02,118.35,951085214.0
2010-10-29,119.14,119.76,117.26,118.49,812261477.0
2010-11-05,119.07,122.92,117.85,122.72,953443720.0
2010-11-12,122.34,122.95,119.65,120.2,958735715.0
2010-11-19,120.58,121.05,117.59,120.29,989586347.0
2010-11-26,119.69,120.24,117.99,118.8,619247309.0
2010-12-03,118.5,123.03,117.74,122.89,1020068607.0
2010-12-10,122.63,124.6,122.41,124.48,686892110.0
2010-12-17,125.05,125.23,123.75,124.3,766954933.0
2010-12-23,124.64,125.82,123.98,125.6,362669202.0
2010-12-31,125.13,126.2,125.04,125.75,339090483.0
2011-01-07,126.71,127.83,125.7,127.14,688033997.0
2011-01-14,126.58,129.33,126.2,129.3,586309059.0
2011-01-21,129.18,129.64,127.13,128.37,592711403.0
2011-01-28,128.29,130.35,127.51,127.72,840850715.0
2011-02-04,128.07,131.2,127.75,131.15,713926990.0
2011-02-11,131.44,133.28,131.3,133.11,657646201.0
2011-02-18,133.03,134.69,132.32,134.53,590583513.0
2011-02-25,133.12,134.56,129.7,132.33,861431823.0
2011-03-04,132.82,133.69,130.35,132.47,1051985206.0
2011-03-11,132.86,133.16,129.49,130.84,1071293533.0
2011-03-18,129.99,130.48,125.28,127.76,1542395103.0
2011-03-25,129.35,131.87,128.32,131.3,745507957.0
2011-04-01,131.58,133.77,130.44,133.15,660230700.0
2011-04-08,133.43,134.0,132.31,132.86,660312646.0
2011-04-15,133.0,133.45,130.27,132.04,775613451.0
2011-04-21,130.59,133.84,129.51,133.78,626537383.0
2011-04-29,133.68,136.57,133.2,136.43,594875178.0
2011-05-06,137.07,137.18,133.02,134.2,896442362.0
2011-05-13,134.19,136.11,133.39,134.04,750591686.0
2011-05-20,133.56,135.03,132.12,133.61,770558690.0
2011-05-27,131.98,133.87,131.38,133.51,752011788.0
2011-06-03,134.77,134.92,130.08,130.42,831581517.0
2011-06-10,130.09,130.36,127.26,127.6,937817851.0
2011-06-17,127.89,129.77,126.32,127.05,1185943655.0
2011-06-24,126.62,129.81,126.19,126.81,1086609149.0
2011-07-01,126.89,134.1,126.64,133.92,1000305048.0
2011-07-08,133.78,135.7,133.11,134.4,672864709.0
2011-07-15,132.75,133.22,130.68,131.69,1054666724.0
2011-07-22,131.08,134.82,129.63,134.58,871760930.0
2011-07-29,133.3,134.49,127.97,129.33,1028926336.0
2011-08-05,130.84,130.96,116.86,120.08,2214900597.0
2011-08-12,116.91,120.12,110.27,118.12,2869824482.0
2011-08-19,119.19,121.2,112.5,112.64,1731701333.0
2011-08-26,115.17,119.4,112.41,117.97,1474482481.0
2011-09-02,119.56,123.51,117.43,117.85,1242156984.0
2011-09-09,114.39,120.94,114.38,115.92,1123745825.0
2011-09-16,114.47,121.97,114.05,121.52,1503835370.0
2011-09-23,119.53,121.99,111.3,113.54,1592884123.0
2011-09-30,114.61,119.56,112.98,113.15,1443668536.0
2011-10-07,112.49,117.25,107.43,115.71,1675587056.0
2011-10-14,117.68,122.6,117.67,122.57,1143319448.0
2011-10-21,121.99,124.12,119.2,123.97,1286562762.0
2011-10-28,124.17,129.42,122.21,128.6,1373391696.0
2011-11-04,127.16,128.62,121.52,125.48,1421859477.0
2011-11-11,125.39,128.02,122.86,126.66,1178213974.0
2011-11-18,126.19,127.45,121.23,121.98,1123021707.0
2011-11-25,120.2,120.35,116.2,116.34,767986948.0
2011-12-02,119.54,126.5,118.82,124.86,1128133332.0
2011-12-09,126.84,127.26,123.65,126.05,1088812742.0
2011-12-16,124.95,125.57,121.3,121.59,1115042163.0
2011-12-23,122.06,126.43,120.03,126.39,812279677.0
2011-12-30,126.17,126.82,124.73,125.5,422167137.0
2012-01-06,127.76,128.38,126.43,127.71,640741677.0
2012-01-13,128.0,129.7,127.41,128.84,623860291.0
2012-01-20,130.08,131.95,128.9,131.95,558880700.0
2012-01-27,131.51,133.4,130.6,131.82,749813584.0
2012-02-03,130.51,134.62,130.06,134.54,743014317.0
2012-02-10,133.98,135.59,133.64,134.36,697357084.0
2012-02-17,135.32,136.63,134.25,136.41,790268896.0
2012-02-24,136.73,137.2,135.5,136.93,500859511.0
2012-03-02,136.02,138.19,135.8,137.31,725604065.0
2012-03-09,137.1,137.93,134.36,137.57,725453909.0
2012-03-16,137.55,140.78,137.09,140.3,748602493.0
2012-03-23,140.21,141.28,138.55,139.65,624532656.0
2012-03-30,140.65,141.83,139.09,140.81,687734059.0
2012-04-05,140.64,142.21,139.26,139.79,591259053.0
2012-04-13,138.03,139.84,135.76,137.14,838519412.0
2012-04-20,137.84,139.36,136.58,137.95,759458004.0
2012-04-27,136.54,140.79,135.94,140.39,718448889.0
2012-05-04,140.11,141.66,136.92,137.0,711750867.0
2012-05-11,136.51,137.56,134.49,135.61,864389317.0
2012-05-18,134.31,135.61,129.55,129.74,1144647395.0
2012-05-25,130.16,133.23,129.95,132.1,882084665.0
2012-06-01,133.16,133.93,128.16,128.16,763482309.0
2012-06-08,128.39,133.53,127.14,133.1,878083234.0
2012-06-15,134.17,134.26,131.16,134.14,922758707.0
2012-06-22,133.58,136.25,132.33,133.46,809645747.0
2012-06-29,132.05,136.27,130.85,136.1,776615246.0
2012-07-06,136.48,137.8,134.85,135.49,486644155.0
2012-07-13,135.38,136.23,132.6,135.75,681954237.0
2012-07-20,135.44,138.18,134.55,136.47,621792740.0
2012-07-27,134.47,139.07,133.03,138.68,839884695.0
2012-08-03,138.52,139.64,135.58,139.35,722544197.0
2012-08-10,139.72,140.92,139.56,140.84,474159065.0
2012-08-17,140.6,142.3,140.04,142.18,455337498.0
2012-08-24,141.98,143.09,140.22,141.51,527345112.0
2012-08-31,141.89,142.08,140.19,141.16,458118482.0
2012-09-07,141.04,144.39,140.13,144.33,485303576.0
2012-09-14,144.19,148.11,143.46,147.24,657369004.0
2012-09-21,146.94,147.19,145.63,145.87,608084312.0
2012-09-28,145.15,146.24,142.95,143.97,637284944.0
2012-10-05,144.52,147.16,143.83,146.14,619148053.0
2012-10-12,145.6,146.12,142.58,142.89,598288110.0
2012-10-19,143.23,146.52,142.77,143.39,678260073.0
2012-10-26,143.15,143.67,140.39,141.35,717410213.0
2012-11-02,141.85,143.72,140.68,141.56,341835177.0
2012-11-09,141.35,143.52,137.55,138.16,851114541.0
2012-11-16,138.59,139.25,134.7,136.37,828750481.0
2012-11-23,137.9,141.4,136.41,141.35,417652420.0
2012-11-30,140.65,142.51,139.0,142.15,691235039.0
2012-12-07,142.8,142.92,140.37,142.41,609885766.0
2012-12-14,142.21,144.55,141.88,142.1,670439788.0
2012-12-21,142.47,145.58,141.94,142.79,885026738.0
2012-12-28,142.48,142.71,139.87,140.03,475643209.0
2013-01-04,139.66,146.61,139.54,146.37,696494911.0
2013-01-11,145.85,147.15,144.98,147.07,566059525.0
2013-01-18,146.89,148.49,146.2,148.33,590805065.0
2013-01-25,148.33,150.25,147.98,150.25,509212858.0
2013-02-01,150.29,151.42,149.51,151.24,595758182.0
2013-02-08,150.32,151.89,149.43,151.8,676859738.0
2013-02-15,151.74,152.61,151.39,152.11,517116068.0
2013-02-22,152.37,153.28,149.94,151.89,543079074.0
2013-03-01,152.63,152.87,148.73,152.11,867964623.0
2013-03-08,151.76,155.65,151.52,155.44,522297477.0
2013-03-15,155.32,156.8,155.13,155.83,547040467.0
2013-03-22,154.34,155.95,153.59,155.6,646965527.0
2013-03-28,156.01,156.85,154.35,156.67,440043521.0
2013-04-05,156.59,157.21,153.77,155.16,645798785.0
2013-04-12,155.27,159.71,154.75,158.8,548494183.0
2013-04-19,158.0,158.13,153.55,155.48,906999356.0
2013-04-26,155.78,159.27,154.75,158.24,595639865.0
2013-05-03,158.67,161.88,158.1,161.37,583432695.0
2013-05-10,161.49,163.7,161.42,163.41,463364257.0
2013-05-17,163.2,167.04,162.82,166.94,560593223.0
2013-05-24,166.78,169.07,163.94,165.31,786677124.0
2013-05-31,167.04,167.78,163.13,163.45,586555553.0
2013-06-07,163.83,165.1,160.25,164.8,922561463.0
2013-06-14,165.31,165.4,161.3,163.18,743104337.0
2013-06-21,164.29,165.99,157.47,159.07,1048833902.0
2013-06-28,157.41,161.82,155.73,160.42,808068889.0
2013-07-05,161.26,163.08,160.22,163.02,473959091.0
2013-07-12,163.86,167.93,163.08,167.51,584491534.0
2013-07-19,167.97,169.27,167.07,169.17,456915067.0
2013-07-26,169.41,169.86,167.52,169.11,491701774.0
2013-08-02,168.68,170.97,168.11,170.95,508389847.0
2013-08-09,170.57,170.96,168.55,169.31,419700418.0
2013-08-16,168.46,169.9,165.5,165.83,512060239.0
2013-08-23,165.64,166.83,164.19,166.62,537163633.0
2013-08-30,166.79,167.3,163.05,163.65,609376283.0
2013-09-06,165.23,166.98,163.7,166.04,462274998.0
2013-09-13,166.45,169.56,166.45,169.33,442841276.0
2013-09-20,171.16,173.6,170.04,170.72,690530520.0
2013-09-27,170.49,170.65,168.47,168.91,498509674.0
2013-10-04,167.48,169.5,166.84,168.89,656894689.0
2013-10-11,167.42,170.32,164.53,170.26,741888749.0
2013-10-18,169.21,174.51,169.08,174.39,694193093.0
2013-10-25,174.45,176.0,173.96,175.95,499676619.0
2013-11-01,175.89,177.51,175.22,176.21,587725698.0
2013-11-08,176.69,177.64,174.76,177.29,551100747.0
2013-11-15,177.12,180.12,176.09,180.05,459176149.0
2013-11-22,180.35,180.83,177.98,180.81,497733184.0
2013-11-29,181.13,181.75,180.37,181.0,281150228.0
2013-12-06,181.09,181.43,178.35,180.94,573983305.0
2013-12-13,181.47,181.67,177.76,178.11,505063075.0
2013-12-20,178.95,181.99,177.32,181.56,754373276.0
2013-12-27,182.45,184.18,182.07,183.85,256145450.0
2014-01-03,183.87,184.69,182.48,182.89,344132434.0
2014-01-10,183.49,184.22,182.08,184.14,483464162.0
2014-01-17,183.67,184.94,181.34,183.64,533572850.0
2014-01-24,184.7,184.77,178.83,178.89,491065927.0
2014-01-31,179.06,179.81,176.88,178.18,821519337.0
2014-02-07,177.97,179.87,173.71,179.68,887744548.0
2014-02-14,179.7,184.36,179.21,184.02,501790836.0
2014-02-21,184.18,184.95,182.6,183.89,430099597.0
2014-02-28,184.28,187.15,184.2,186.29,574548693.0
2014-03-07,184.65,188.96,183.75,188.26,620401311.0
2014-03-14,187.97,188.71,184.44,184.66,587706347.0
2014-03-21,185.59,189.02,185.47,186.2,656800103.0
2014-03-28,186.84,187.34,183.9,185.49,589130083.0
2014-04-04,186.67,189.7,185.52,186.4,514434822.0
2014-04-11,185.95,187.17,181.31,181.51,693926189.0
2014-04-17,182.93,186.91,181.44,186.39,499925416.0
2014-04-25,186.44,188.4,185.87,186.29,416539155.0
2014-05-02,187.05,189.14,184.96,188.06,511867119.0
2014-05-09,187.14,189.05,186.01,187.96,445133526.0
2014-05-16,188.8,190.42,186.48,188.05,478174935.0
2014-05-23,187.69,190.48,187.07,190.35,386282594.0
2014-05-30,191.06,192.8,190.95,192.68,279425433.0
2014-06-06,192.95,195.43,191.97,195.38,356031024.0
2014-06-13,195.35,196.05,193.11,194.13,379388225.0
2014-06-20,193.89,196.6,193.66,195.94,464041003.0
2014-06-27,195.99,196.5,194.13,195.82,405395753.0
2014-07-03,195.7,198.29,195.53,198.2,266388013.0
2014-07-11,197.82,197.98,195.06,196.61,406115138.0
2014-07-18,197.61,198.26,195.43,197.71,519806269.0
2014-07-25,197.09,199.06,196.43,197.72,334606400.0
2014-08-01,197.76,198.45,191.57,192.5,626687893.0
2014-08-08,192.87,194.3,190.55,193.24,591596988.0
2014-08-15,193.97,196.65,192.94,195.72,414422834.0
2014-08-22,196.8,199.76,196.69,199.19,351219659.0
2014-08-29,200.14,200.82,199.15,200.71,283264025.0
2014-09-05,200.97,201.58,199.41,201.11,317300761.0
2014-09-12,200.92,201.21,198.56,199.13,404289798.0
2014-09-19,199.16,201.9,198.38,200.7,560507486.0
2014-09-26,200.35,200.38,196.27,197.9,598068480.0
2014-10-03,196.2,198.3,192.35,196.52,683065500.0
2014-10-10,197.34,197.6,190.49,190.54,871766841.0
2014-10-17,190.46,191.15,181.92,188.47,1312516367.0
2014-10-24,188.13,196.49,188.07,196.43,709653256.0
2014-10-31,195.73,201.82,195.03,201.66,592479572.0
2014-11-07,201.92,203.6,200.06,203.34,475414282.0
2014-11-14,203.38,204.83,203.13,204.24,376714066.0
2014-11-21,203.85,207.84,203.65,206.68,454049681.0
2014-11-28,207.17,207.87,206.8,207.2,265046980.0
2014-12-05,206.4,208.47,205.38,208.0,429769575.0
2014-12-12,207.52,208.12,200.85,200.89,754967596.0
2014-12-19,201.98,212.97,197.86,206.52,1206138167.0
2014-12-26,206.75,208.85,206.46,208.44,370776967.0
2015-01-02,208.22,208.97,204.18,205.43,404984403.0
2015-01-09,204.17,206.42,198.86,204.25,809915835.0
2015-01-16,204.41,205.48,198.55,201.63,940433976.0
2015-01-23,202.4,206.26,200.17,204.97,545806558.0
2015-01-30,204.71,205.56,198.68,199.45,765883769.0
2015-02-06,200.05,207.24,197.86,205.55,645251785.0
2015-02-13,204.77,209.84,204.14,209.78,465687363.0
2015-02-20,209.4,211.33,208.73,211.24,389980023.0
2015-02-27,210.94,212.24,210.48,210.66,400718844.0
2015-03-06,210.78,212.06,207.1,207.5,577315368.0
2015-03-13,207.74,208.79,204.4,205.83,613490290.0
2015-03-20,206.71,211.27,205.86,210.41,755050521.0
2015-03-27,210.42,211.11,204.12,205.74,581117772.0
2015-04-02,206.98,208.61,204.51,206.44,447153558.0
2015-04-10,206.44,210.09,205.21,210.04,443228200.0
2015-04-17,209.87,211.04,207.01,207.95,509113874.0
2015-04-24,209.06,211.97,208.9,211.65,406927257.0
2015-05-01,212.33,212.48,207.62,210.72,556611161.0
2015-05-08,211.23,212.02,206.76,211.62,563435742.0
2015-05-15,211.57,212.61,208.62,212.44,462547705.0
2015-05-22,212.24,213.78,212.16,212.99,345719905.0
2015-05-29,212.4,212.98,210.2,211.14,417416736.0
2015-06-05,211.94,212.67,208.98,209.77,546278167.0
2015-06-12,209.64,212.09,207.69,209.93,537908121.0
2015-06-19,208.64,213.34,207.79,210.81,632747684.0
2015-06-26,211.91,212.59,209.16,209.9,432762343.0
2015-07-02,208.05,209.83,205.28,207.32,625899963.0
2015-07-10,205.77,208.17,204.11,207.48,729385674.0
2015-07-17,208.99,212.55,208.94,212.47,481406355.0
2015-07-24,212.75,213.18,207.6,207.94,445343896.0
2015-07-31,208.0,211.45,206.26,210.45,556268413.0
2015-08-07,210.46,211.31,206.87,207.92,515462127.0
2015-08-14,209.28,210.67,205.36,209.36,540645506.0
2015-08-21,208.71,210.68,197.52,197.63,864546086.0
2015-08-28,187.49,199.84,182.4,199.24,1650892648.0
2015-09-04,198.11,199.13,190.73,192.59,938737336.0
2015-09-11,195.94,199.47,194.25,196.74,543675749.0
2015-09-18,196.95,202.89,194.96,195.36,792543790.0
2015-09-25,196.44,197.68,190.56,192.87,666841322.0
2015-10-02,191.78,195.03,186.93,195.0,843095793.0
2015-10-09,196.46,201.9,196.33,201.33,621027138.0
2015-10-16,201.42,203.29,198.94,203.27,492262711.0
2015-10-23,202.5,207.95,201.65,207.52,576364477.0
2015-10-30,207.3,209.44,205.79,207.93,504447900.0
2015-11-06,208.32,211.66,208.17,210.04,466621557.0
2015-11-13,209.31,209.49,202.44,202.54,549621483.0
2015-11-20,202.32,210.12,202.18,209.31,542343503.0
2015-11-27,209.38,209.98,207.41,209.56,253103378.0
2015-12-04,209.75,211.0,204.75,209.62,678260410.0
2015-12-11,209.23,209.73,201.51,201.88,695055228.0
2015-12-18,202.07,208.48,199.83,200.02,957957765.0
2015-12-24,201.41,206.33,200.09,205.68,369649914.0
2015-12-31,204.86,207.79,203.87,203.87,336736149.0
2016-01-08,200.49,201.9,191.58,191.923,908565288.0
2016-01-15,193.01,194.86,185.52,187.81,1147082755.0
2016-01-22,189.96,190.76,181.02,190.52,845884751.0
2016-01-29,189.92,193.88,187.06,193.7208,811418266.0
2016-02-05,192.53,194.58,187.1,187.95,844001490.0
2016-02-12,185.77,188.34,181.09,186.63,870945165.0
2016-02-19,188.77,193.32,187.63,192.0,473396149.0
2016-02-26,193.87,196.68,189.32,195.0892,606469713.0
2016-03-04,195.11,201.35,193.33,200.43,594598547.0
2016-03-11,199.34,202.81,197.38,202.76,614076798.0
2016-03-18,202.16,205.23,201.05,204.38,569294414.0
2016-03-24,204.07,205.23,201.74,203.12,335811906.0
2016-04-01,203.61,207.14,202.4,206.92,450703946.0
2016-04-08,206.83,207.07,203.09,204.4992,463898523.0
2016-04-15,205.25,208.6,203.7,207.78,436418984.0
2016-04-22,207.14,210.92,207.0,208.97,436894099.0
2016-04-29,208.26,209.81,205.03,206.3308,459000411.0
2016-05-06,206.92,208.18,203.88,205.72,417788193.0
2016-05-13,205.57,208.54,204.38,204.76,419635056.0
2016-05-20,204.96,207.34,202.78,205.49,536326061.0
2016-05-27,205.51,210.25,204.985,210.24,350933822.0
2016-06-03,210.56,210.93,208.86,210.28,344617470.0
2016-06-10,210.7,212.52,209.43,210.07,379648753.0
2016-06-17,209.36,210.37,205.59,206.52,618523748.0
2016-06-24,208.82,210.87,202.72,203.13,686987490.0
2016-07-01,201.59,210.49,198.65,209.9208,816776954.0
2016-07-08,208.95,212.94,207.06,212.65,425390003.0
2016-07-15,213.19,217.0125,212.95,215.83,460619966.0
2016-07-22,215.97,217.37,215.63,217.24,301795890.0
2016-07-29,217.0,217.54,215.62,217.12,354592687.0
2016-08-05,217.19,218.23,214.25,218.18,338078243.0
2016-08-12,218.4,218.94,217.23,218.46,282917113.0
2016-08-19,218.89,219.5,217.02,218.54,306593712.0
2016-08-26,218.26,219.6,216.25,217.29,378227998.0
2016-09-02,217.44,218.87,216.03,218.37,391024226.0
2016-09-09,218.7,219.22,213.25,213.28,428948897.0
2016-09-16,212.39,216.81,212.31,213.37,786097720.0
2016-09-23,214.13,217.53,213.03,215.99,410509828.0
2016-09-30,215.02,217.12,213.62,216.3,501006678.0
2016-10-07,215.82,216.3,213.99,215.04,428991703.0
2016-10-14,216.155,216.7,211.21,213.12,450791710.0
2016-10-21,213.09,214.64,212.17,213.98,364393476.0
2016-10-28,215.0,215.32,211.71,212.54,420237795.0
2016-11-04,212.93,213.19,208.38,208.55,485446536.0
2016-11-11,211.45,218.31,211.3,216.42,747662016.0
2016-11-18,217.03,219.27,215.72,218.5,407913201.0
2016-11-25,219.17,221.56,219.0,221.52,234324087.0
2016-12-02,221.16,221.82,219.15,219.68,413631828.0
2016-12-09,220.65,226.53,220.42,226.51,426173401.0
2016-12-16,226.4,228.34,224.67,225.04,636278241.0
2016-12-23,225.25,226.57,224.92,225.71,341005889.0
2016-12-30,226.02,226.73,222.73,223.53,264461909.0
2017-01-06,225.04,227.75,223.8837,227.21,320049889.0
2017-01-13,226.91,227.45,224.955,227.05,320192677.0
2017-01-20,226.31,227.31,225.41,226.74,311811526.0
2017-01-27,226.35,229.71,225.27,228.97,374720595.0
2017-02-03,228.17,229.55,226.32,229.34,384956436.0
2017-02-10,228.87,231.77,228.31,231.51,299258614.0
2017-02-17,232.08,235.155,232.05,235.09,375003400.0
2017-02-24,235.52,236.9,235.41,236.74,308058750.0
2017-03-03,236.64,240.32,236.015,238.42,454855826.0
2017-03-10,237.5,238.12,235.74,237.69,371339635.0
2017-03-17,237.62,239.44,236.19,237.03,380565414.0
2017-03-24,237.03,237.61,232.96,233.86,494830588.0
2017-03-31,231.93,236.52,231.61,235.74,373359705.0
2017-04-07,235.8,237.39,233.91,235.2,394335522.0
2017-04-13,235.36,236.255,232.51,232.51,330405408.0
2017-04-21,233.11,235.845,232.88,234.59,423293089.0
2017-04-28,237.18,239.53,234.5628,238.08,401553768.0
2017-05-05,238.68,239.72,237.7,239.7,320840823.0
2017-05-12,239.75,240.19,238.13,238.98,270313805.0
2017-05-19,239.47,240.67,235.43,238.31,507393864.0
2017-05-26,238.9,242.08,238.82,241.71,269234950.0
2017-06-02,241.34,244.35,240.64,244.17,284626065.0
2017-06-09,243.97,245.01,241.95,243.41,347425619.0
2017-06-16,243.13,244.87,241.6337,242.64,375795351.0
2017-06-23,243.59,244.73,242.41,243.13,289142599.0
2017-06-30,243.9,244.38,239.955,241.8,402761155.0
2017-07-07,242.88,243.38,240.34,242.11,217668987.0
2017-07-14,241.95,245.97,240.85,245.56,246362622.0
2017-07-21,245.47,247.42,244.67,246.88,263154877.0
2017-07-28,246.79,248.0,245.68,246.91,269968196.0
2017-08-04,247.37,247.79,246.37,247.41,269148111.0
2017-08-11,247.49,248.91,243.7,244.12,351696410.0
2017-08-18,245.59,247.57,242.2,242.71,450488591.0
2017-08-25,242.64,245.62,241.83,244.56,294001257.0
2017-09-01,245.17,248.33,242.93,247.84,319542995.0
2017-09-08,247.26,247.52,244.95,246.58,271183199.0
2017-09-15,248.04,250.32,248.02,249.19,378367608.0
2017-09-22,249.61,250.19,248.92,249.44,252342899.0
2017-09-29,249.15,251.32,248.08,251.23,322504585.0
2017-10-06,251.49,254.7,251.29,254.37,325955528.0
2017-10-13,254.63,255.27,253.65,254.95,228400405.0
2017-10-20,255.21,257.14,254.35,257.11,261751134.0
2017-10-27,257.48,257.89,254.0,257.71,389927023.0
2017-11-03,256.47,258.5,256.19,258.45,284832469.0
2017-11-10,258.3,259.35,256.36,258.09,311590044.0
2017-11-17,257.31,259.04,255.63,257.86,335889185.0
2017-11-24,258.14,260.48,257.86,260.36,190142219.0
2017-12-01,260.41,266.05,260.0,264.46,521044034.0
2017-12-08,266.31,266.8,262.71,265.51,401716112.0
2017-12-15,266.31,267.56,265.39,266.51,516455674.0
2017-12-22,268.1,268.6,266.69,267.51,388541160.0
2017-12-29,267.05,268.55,266.64,266.86,244118982.0
2018-01-05,267.84,273.56,267.4,273.42,340886568.0
2018-01-12,273.31,278.11,272.92,277.92,337324998.0
2018-01-19,279.35,280.41,276.18,280.41,461462045.0
2018-01-26,280.17,286.63,280.11,286.58,515553657.0
2018-02-02,285.93,286.43,275.41,275.45,604140147.0
2018-02-09,273.45,275.85,252.92,261.5,1347099518.0
2018-02-16,263.83,275.32,261.66,273.11,617315722.0
2018-02-23,272.03,274.72,269.64,274.71,388531120.0
2018-03-02,275.93,278.92,264.82,269.08,623436632.0
2018-03-09,267.73,278.87,267.61,278.87,444110537.0
2018-03-16,279.2,280.41,274.14,274.2,453565520.0
2018-03-23,273.35,274.4,257.83,258.05,579995958.0
2018-03-29,262.13,266.77,258.58,263.15,542594643.0
2018-04-06,262.55,266.64,254.67,259.72,692132370.0
2018-04-13,261.37,267.54,259.94,265.15,456126567.0
2018-04-20,267.0,271.3,265.61,266.61,363000222.0
2018-04-27,267.26,267.98,260.85,266.56,406985748.0
2018-05-04,267.26,267.89,259.05,266.02,470288186.0
2018-05-11,266.89,273.15,265.15,272.85,314405739.0
2018-05-18,273.34,274.08,270.03,271.33,316673732.0
2018-05-25,273.01,274.25,270.78,272.15,308104999.0
2018-06-01,270.31,273.94,267.76,273.6,350365408.0
2018-06-08,274.53,278.28,274.18,278.19,304361540.0
2018-06-15,278.44,279.48,275.35,277.13,407431335.0
2018-06-22,275.49,276.72,273.53,274.74,331907984.0
2018-06-29,273.44,273.87,268.49,271.28,485741044.0
2018-07-06,269.51,275.84,269.24,275.42,229161460.0
2018-07-13,276.55,279.93,276.5,279.59,287931618.0
2018-07-20,279.64,281.18,278.41,279.68,288894849.0
2018-07-27,279.45,284.37,279.06,281.42,328660099.0
2018-08-03,281.51,283.66,279.16,283.6,303528076.0
2018-08-10,283.64,286.01,282.36,283.16,237505104.0
2018-08-17,283.47,285.56,280.16,285.06,348086695.0
2018-08-24,285.57,287.67,285.06,287.51,258765056.0
2018-08-31,288.86,291.74,288.68,290.31,292871702.0
2018-09-07,289.84,290.21,286.71,287.6,269481491.0
2018-09-14,288.74,291.27,286.98,290.88,266646460.0
2018-09-21,290.82,293.94,289.03,291.99,385095314.0
2018-09-28,291.34,292.24,289.41,290.72,306860196.0
2018-10-05,292.11,293.21,286.22,287.82,391529366.0
2018-10-12,287.05,288.86,270.36,275.95,834839179.0
2018-10-19,275.55,281.15,274.3,276.25,605604697.0
2018-10-26,277.0,277.36,262.29,265.33,746211369.0
2018-11-02,268.8,275.23,259.85,271.89,668290565.0
2018-11-09,272.44,281.22,271.35,277.76,392857922.0
2018-11-16,277.19,277.46,267.01,273.73,584955592.0
2018-11-23,273.05,273.38,263.07,263.25,357454638.0
2018-11-30,265.78,276.28,265.34,275.65,463664046.0
2018-12-07,280.28,280.4,262.44,263.57,646208066.0
2018-12-14,263.37,269.0,258.62,260.47,584550810.0
2018-12-21,259.4,260.65,239.98,240.7,1022399124.0
2018-12-28,239.04,251.4,233.76,247.75,705164479.0
2019-01-04,249.56,253.11,243.67,252.39,557994095.0
2019-01-11,252.69,259.16,251.69,258.98,471340274.0
2019-01-18,256.86,266.98,256.41,266.46,457771946.0
2019-01-25,264.82,266.7,260.66,265.78,357648967.0
2019-02-01,263.39,271.2,261.79,270.06,434018257.0
2019-02-08,270.11,273.44,267.83,270.47,369916231.0
2019-02-15,271.2,277.41,270.03,277.37,385891903.0
2019-02-22,276.48,279.36,276.35,279.14,278060914.0
2019-03-01,280.73,281.31,277.48,280.42,330945211.0
2019-03-08,281.6,281.87,272.42,274.46,421329855.0
2019-03-15,275.26,282.38,275.23,281.31,374232925.0
2019-03-22,281.55,285.18,279.18,279.25,439286798.0
2019-03-29,278.87,282.84,277.64,282.48,364351190.0
2019-04-05,284.7,288.63,284.4,288.57,293550732.0
2019-04-12,288.1,290.47,286.7,290.16,297131032.0
2019-04-18,290.24,291.43,288.66,290.02,228726690.0
2019-04-26,289.17,293.49,289.07,293.41,251486972.0
2019-05-03,293.51,294.95,289.52,294.03,331555173.0
2019-05-10,289.25,293.31,282.3,288.1,559396661.0
2019-05-17,282.42,289.21,279.93,285.84,455352831.0
2019-05-24,284.06,286.93,280.57,282.78,313209109.0
2019-05-31,283.09,284.15,275.24,275.27,324388845.0
2019-06-07,275.31,288.85,273.09,287.65,388532138.0
2019-06-14,289.37,291.4,287.82,289.26,267806562.0
2019-06-21,289.52,296.31,289.18,294.0,403194392.0
2019-06-28,294.23,294.58,290.345,293.0,280902456.0
2019-07-05,296.68,298.82,294.33,298.46,233188240.0
2019-07-12,297.01,300.73,295.48,300.65,236782500.0
2019-07-19,301.13,301.13,296.7,297.17,241363593.0
2019-07-26,297.61,302.23,297.04,302.01,236036760.0
2019-08-02,301.88,301.93,290.9,292.62,447616940.0
2019-08-09,288.09,293.62,281.72,291.62,621473258.0
2019-08-16,289.96,294.15,282.39,288.85,480799656.0
2019-08-23,292.19,293.93,283.47,284.85,356073778.0
2019-08-30,287.27,294.2399,285.25,292.4527,320605162.0
2019-09-06,290.57,298.83,289.27,298.05,248600633.0
2019-09-13,299.14,302.46,295.97,301.09,311392980.0
2019-09-20,299.84,302.63,297.41,298.28,349452658.0
2019-09-27,297.55,299.84,293.69,295.4,360912367.0
2019-10-04,295.97,298.455,284.82,294.35,418528028.0
2019-10-11,293.47,298.74,288.49,296.28,381818226.0
2019-10-18,295.93,300.24,295.57,297.97,249854027.0
2019-10-25,299.42,302.2,298.495,301.6,204108233.0
2019-11-01,302.94,306.19,301.73,306.14,273945786.0
2019-11-08,307.85,309.65,306.06,308.94,252325836.0
2019-11-15,307.42,311.84,307.27,311.79,249318377.0
2019-11-22,311.53,312.69,309.06,310.96,295356140.0
2019-11-29,311.98,315.48,311.98,314.31,166974740.0
2019-12-06,314.59,315.31,307.13,314.87,289095811.0
2019-12-13,314.44,318.67,312.81,317.32,311812271.0
2019-12-20,319.18,321.9742,317.2542,320.73,426971078.0
2019-12-27,321.59,323.8,320.9,322.86,146628680.0
2020-01-03,322.95,324.89,320.15,322.41,243457887.0
2020-01-10,320.49,327.46,320.36,325.71,265686067.0
2020-01-17,326.39,332.18,325.92,331.95,331248745.0
2020-01-24,330.9,332.95,327.36,328.77,265623236.0
2020-01-31,323.03,328.63,320.73,321.73,389876253.0
2020-02-07,323.35,334.19,323.22,332.2,309558055.0
2020-02-14,331.23,338.12,331.19,337.6,257953060.0
2020-02-21,336.51,339.08,332.58,333.48,293330620.0
2020-02-28,323.14,333.5623,285.54,296.26,1238830271.0
2020-03-06,298.21,313.84,290.23,297.46,1125972614.0
2020-03-13,275.3,288.52,247.68,269.32,1551233497.0
2020-03-20,241.18,256.9,228.02,228.8,1512832294.0
2020-03-27,228.19,262.8,218.26,253.42,1334107144.0
2020-04-03,255.7,263.33,243.9,248.19,864147042.0
2020-04-09,257.84,281.2,248.1698,278.2,728498717.0
2020-04-17,277.14,287.3,271.41,286.64,641620261.0
2020-04-24,282.61,286.7912,272.02,282.97,506655211.0
2020-05-01,285.12,294.88,281.52,282.79,546963684.0
2020-05-08,280.74,292.95,279.13,292.44,383876931.0
2020-05-15,290.34,294.24,272.99,286.28,549992076.0
2020-05-22,293.05,297.87,291.95,295.44,440877962.0
2020-05-29,301.93,306.84,295.4646,304.32,401990665.0
2020-06-05,303.62,321.275,303.06,319.34,446855391.0
2020-06-12,320.22,323.41,298.6,304.21,647165283.0
2020-06-19,298.02,315.64,296.74,308.64,570398924.0
2020-06-26,307.99,314.5,299.42,300.09,487832796.0
